Player,Team,Pos,PassingATT,PassingCmp,PassingYds,PassingTD,Int,Receptions,ReceivingYds,ReceivingTD,RushingAtt,RushingYds,RushingTD,FL,FantasyPoints
Josh Allen,BUF,QB,605.2,400,4569.5,33.7,13.3,0,0,0,110.8,519.6,7.6,5.1,378.7
Patrick Mahomes II,KC,QB,630.5,419,5028,38.5,9.1,0,0,0,55.3,267.2,2.9,2.5,376.4
Kyler Murray,ARI,QB,591,391.4,4215.8,26.7,12.9,0,0,0,125.8,698.8,7.7,3.7,358.5
Lamar Jackson,BAL,QB,462.1,296.3,3377.8,28.6,12.2,0,0,0,152.9,920.2,6.7,4,349
Dak Prescott,DAL,QB,623.3,416.3,4847.9,31,11.1,0,0,0,63.4,296.5,4,4.2,341.2
Aaron Rodgers,GB,QB,571.7,385.6,4448,36.8,7.2,0,0,0,39.9,168.6,1.9,3.1,332.9
Russell Wilson,SEA,QB,569.9,380.1,4242.9,34.4,12.3,0,0,0,82.8,447.2,2.1,3.5,332.9
Justin Herbert,LAC,QB,616,400,4581.5,30.5,12,0,0,0,61.2,272.9,4.4,2.6,329.5
Tom Brady,TB,QB,621.2,404.4,4696.6,37.1,11.9,0,0,0,24.5,31.7,2.1,2.2,323.6
Jalen Hurts,PHI,QB,540,330,3729.2,22.4,14.4,0,0,0,133.8,691.2,6,4.8,305.2
Ryan Tannehill,TEN,QB,527.7,349.1,4122.3,30.5,10.5,0,0,0,51.8,229.5,3.5,2.9,303.8
Joe Burrow,CIN,QB,612.6,400.2,4318.2,26.5,11.8,0,0,0,54.1,227.4,3,4.2,287.5
Matthew Stafford,LAR,QB,613,405.9,4570,28.5,11.5,0,0,0,33.3,126.4,0.7,3.2,284.4
Trevor Lawrence,JAC,QB,589.7,377.2,4125.3,24.9,13.5,0,0,0,66.9,341.7,2.3,5.2,275.3
Kirk Cousins,MIN,QB,541.6,364,4272,30.1,13,0,0,0,35.4,114.4,1.1,4.1,274.9
Matt Ryan,ATL,QB,613.7,400.9,4510.4,26.8,12.8,0,0,0,32.7,117.6,1.4,4.3,273.4
Baker Mayfield,CLE,QB,536.7,342.6,3943.4,27.9,11.4,0,0,0,44.1,168.1,1.8,3.3,267.5
Tua Tagovailoa,MIA,QB,574,374,3945.1,25.9,13.5,0,0,0,54.4,205.9,2.7,1.7,267.5
Derek Carr,LV,QB,564.9,374.4,4309.4,26.4,10.9,0,0,0,30.4,106.9,1.8,5.2,266.9
Ryan Fitzpatrick,WAS,QB,582.6,385.2,4116.8,23.4,16.6,0,0,0,50.8,245.1,3,2.3,263.2
Ben Roethlisberger,PIT,QB,617.4,400.3,4173,29.5,14,0,0,0,20.9,45,0.5,2.2,260.2
Daniel Jones,NYG,QB,546.8,342.3,3748,22.4,13.6,0,0,0,70.3,403.2,2.6,8.5,251.3
Sam Darnold,CAR,QB,556.1,350.6,3922,22,15,0,0,0,50.3,219.8,3.3,3.9,248.8
Zach Wilson,NYJ,QB,554,350.8,3944.5,21.5,15.4,0,0,0,63.7,301.9,2.2,5.5,245.7
Jared Goff,DET,QB,579.6,371.3,4157.8,22.4,14.9,0,0,0,39.9,89.3,1.7,4.2,236.8
Trey Lance,SF,QB,419.4,272.7,3163,20.3,11.1,0,0,0,78.2,395.5,3.2,4,236.4
Carson Wentz,IND,QB,468.5,293,3215.2,21.4,11.4,0,0,0,53.8,235.3,2.6,5.7,219
Justin Fields,CHI,QB,398.6,254.3,2713.1,17.2,9.6,0,0,0,62.8,316.7,2.5,5,195.2
Deshaun Watson,HOU,QB,334.3,228.2,2724.4,16,7.4,0,0,0,48.4,229.1,2.6,2,192.4
Cam Newton,NE,QB,303.6,198.7,2191.4,12.7,9.6,0,0,0,81.7,354.5,5.7,1.8,185.1
Jameis Winston,NO,QB,383,248,2791.5,18.9,12.7,0,0,0,38.1,161.1,0.9,3.9,175.7
Drew Lock,DEN,QB,319.7,188,2155.3,13.5,9.9,0,0,0,34.7,136.7,1.3,2.9,135.8
Taysom Hill,NO,QB,183.4,122.4,1282.7,7.6,4.9,0,0,0,74.5,390.3,4.5,3.4,131
Tyrod Taylor,HOU,QB,281.3,172.7,1959.8,10.3,5.3,0,0,0,30.1,142.2,1.2,1.1,128.5
Teddy Bridgewater,DEN,QB,235.2,153,1727.7,10.3,6.8,0,0,0,24.9,108.7,1.5,0.7,114.7
Mac Jones,NE,QB,217.8,136.7,1536.6,8.9,6.2,0,0,0,18.6,68.8,0.9,1.2,94.3
Andy Dalton,CHI,QB,203.6,129.7,1400.5,8.2,4.8,0,0,0,12.8,42.6,0.3,0.8,83.5
Davis Mills,HOU,QB,191.2,119,1368.1,6.8,5.1,0,0,0,13,55.3,0.6,1.4,78.4
Jimmy Garoppolo,SF,QB,160.4,109.2,1275.3,7.5,4,0,0,0,12.2,28.3,0.4,1.2,76.1
Jacob Eason,IND,QB,111.7,68.7,755,4.6,3.4,0,0,0,9,40.9,0.5,0.3,48
Kyle Trask,TB,QB,34.5,21.3,246.3,1.9,0.7,0,0,0,1.3,5,0,0.2,16.4
Jeff Driskel,HOU,QB,33.8,21.1,243.7,1.3,0.8,0,0,0,3.4,18.1,0.2,0.2,15.6
Taylor Heinicke,WAS,QB,37.2,23.5,257.1,1.3,1.4,0,0,0,5.7,22.8,0.1,0.2,15.2
Mason Rudolph,PIT,QB,35.7,22,242.7,1.4,0.9,0,0,0,2.8,9.4,0.1,0.2,14.6
Jacoby Brissett,MIA,QB,32,20.1,227.3,1.1,0.5,0,0,0,4.3,14.1,0.2,0.3,14.3
Phillip Walker,CAR,QB,39.6,25.1,287.3,1,1,0,0,0,2,6.1,0.1,0.5,13.4
James Morgan,NYJ,QB,32.1,19.4,219.7,1.3,1.2,0,0,0,1.5,5.6,0,0.2,12.2
Trace McSorley,BAL,QB,24,14.8,166.5,1,0.7,0,0,0,4.4,19.2,0.1,0.1,11.4
Kellen Mond,MIN,QB,20.9,13.2,152.1,1.1,0.4,0,0,0,1.7,7.7,0.1,0.1,10.7
Marcus Mariota,LV,QB,21.4,13.4,151.9,0.8,0.7,0,0,0,4.5,24,0.1,0.1,10.5
Joe Flacco,PHI,QB,30.4,19.1,203.1,1,0.7,0,0,0,2.4,9.8,0.1,0.7,10.5
Gardner Minshew II,JAC,QB,24.2,16.1,169,1.1,0.5,0,0,0,2.4,12.6,0,0.6,10.2
Sam Ehlinger,IND,QB,31,17,180,1,1,0,0,0,2,7,0,0,9.9
Tim Boyle,DET,QB,26.3,16.3,181,0.7,0.3,0,0,0,2.7,3.3,0,0,9.6
Mitchell Trubisky,BUF,QB,18.3,12.1,134.8,0.9,0.7,0,0,0,3.6,15.2,0.1,0.1,9.3
Chad Henne,KC,QB,21.2,13.2,151.9,0.7,0.2,0,0,0,1.3,5.8,0,0.1,9
Brian Lewerke,NYG,QB,17,10,107,1,0,0,0,0,1,4,0,0,8.7
John Wolford,LAR,QB,22,13.7,150.9,0.6,0.4,0,0,0,1.8,9.1,0,0.1,8.3
Garrett Gilbert,DAL,QB,20.2,12.6,143,0.6,0.4,0,0,0,1.5,6.2,0,0.1,7.9
Geno Smith,SEA,QB,17.4,11,121.9,0.9,0.3,0,0,0,1.3,2.5,0,0.2,7.7
Brandon Allen,CIN,QB,20.9,13.2,143.5,0.6,0.5,0,0,0,1.3,5.1,0,0.1,7.6
Jordan Love,GB,QB,15.5,9.6,107.7,0.9,0.3,0,0,0,0.7,3.1,0,0.1,7.4
Chase Daniel,LAC,QB,18.3,11.6,131,0.6,0.5,0,0,0,1.5,5.8,0,0.1,7.2
Ian Book,NO,QB,17,12,118,1,1,0,0,0,1,4,0,0,7.1
Chris Streveler,ARI,QB,15.9,9.4,105.5,0.6,0.5,0,0,0,1.6,6.7,0.1,0.2,6.5
Blaine Gabbert,TB,QB,16,9.7,110,0.3,0,0,0,0,1.3,5.3,0,0,6.3
Tyler Huntley,BAL,QB,9.5,6,67.5,0.5,0,0,0,0,3,16,0,0,6.3
AJ McCarron,ATL,QB,15.6,9.9,111.1,0.6,0.4,0,0,0,0.5,2.2,0,0.2,6.2
Matt Barkley,TEN,QB,13.3,8.4,98.3,0.7,0.3,0,0,0,0.4,1.4,0,0.2,6
Mike Glennon,NYG,QB,18.6,11.7,124.7,0.6,0.4,0,0,0,1.2,5.6,0,0.6,5.7
David Blough,DET,QB,15.5,9.4,105.4,0.5,0.4,0,0,0,0.6,2.5,0,0.2,5.6
Colt McCoy,ARI,QB,12,8,84.5,0.5,0.5,0,0,0,1.5,8,0,0,5.2
Dwayne Haskins,PIT,QB,14,8.5,84.5,0.5,0.5,0,0,0,1.5,5,0,0,4.9
Logan Woodside,TEN,QB,6,4,45,0.5,0,0,0,0,2.5,7,0,0,4.5
Case Keenum,CLE,QB,13,8.1,92.2,0.6,0.4,0,0,0,0.9,3.6,0,0.6,4.4
Jarrett Stidham,NE,QB,7,4.5,47.5,0.5,0.5,0,0,0,1.5,3,0,0,3.2
Nick Mullens,PHI,QB,12,6.5,70.5,0.5,0.5,0,0,0,2,4,0,1,2.2
Nathan Peterman,LV,QB,0,0,0,0,0,0,0,0,0,0,0,0,0
Trevor Siemian,NO,QB,0,0,0,0,0,0,0,0,0,0,0,0,0
Nate Sudfeld,SF,QB,0,0,0,0,0,0,0,0,0,0,0,0,0
Ryan Griffin,TB,QB,0,0,0,0,0,0,0,0,0,0,0,0,0
Will Grier,CAR,QB,0,0,0,0,0,0,0,0,0,0,0,0,0
Nick Foles,CHI,QB,0,0,0,0,0,0,0,0,0,0,0,0,0
Kyle Lauletta,CLE,QB,0,0,0,0,0,0,0,0,0,0,0,0,0
Cooper Rush,DAL,QB,0,0,0,0,0,0,0,0,0,0,0,0,0
Ben DiNucci,DAL,QB,0,0,0,0,0,0,0,0,0,0,0,0,0
Brett Rypien,DEN,QB,0,0,0,0,0,0,0,0,0,0,0,0,0
Brett Hundley,IND,QB,0,0,0,0,0,0,0,0,0,0,0,0,0
Jake Luton,JAC,QB,0,0,0,0,0,0,0,0,0,0,0,0,0
C.J. Beathard,JAC,QB,0,0,0,0,0,0,0,0,0,0,0,0,0
Easton Stick,LAC,QB,0,0,0,0,0,0,0,0,0,0,0,0,0
Devlin Hodges,LAR,QB,0,0,0,0,0,0,0,0,0,0,0,0,0
Josh Johnson,NYJ,QB,0,0,0,0,0,0,0,0,0,0,0,0,0
Joshua Dobbs,PIT,QB,0,0,0,0,0,0,0,0,0,0,0,0,0
Sean Mannion,SEA,QB,0,0,0,0,0,0,0,0,0,0,0,0,0
Kyle Allen,WAS,QB,0,0,0,0,0,0,0,0,0,0,0,0,0
Aaron Jones,GB,RB,0,0,0,0,0,50.8,393.2,2.7,233.6,1131.5,10.4,2.1,227.1
AJ Dillon,GB,RB,0,0,0,0,0,15.2,116.9,0.5,141.8,646.4,4.8,1.4,105.5
Kylin Hill,GB,RB,0,0,0,0,0,3.7,27.8,0.1,25.2,101.9,0.3,0.1,15.1
Dexter Williams,GB,RB,0,0,0,0,0,0.4,3.1,0,3.2,13.6,0.1,0,2
Clyde Edwards-Helaire,KC,RB,0,0,0,0,0,50.6,389.5,2.2,222,998.8,7.3,1.8,192.3
Darrel Williams,KC,RB,0,0,0,0,0,20.2,149.1,0.7,79.3,331.9,3.2,0.6,70.8
Jerick McKinnon,KC,RB,0,0,0,0,0,6.8,48.2,0.2,21.5,95,0.4,0.1,18.1
Darwin Thompson,KC,RB,0,0,0,0,0,1.8,13.8,0,6.6,26.1,0.1,0,4.8
Michael Burton,KC,RB,0,0,0,0,0,1.8,14.8,0.1,3.3,14,0.1,0,3.9
Elijah McGuire,KC,RB,0,0,0,0,0,0.9,7.2,0,0.9,3.5,0,0,1.1
Josh Jacobs,LV,RB,0,0,0,0,0,31.5,236.5,0.9,251.2,1073.2,9.5,2,189.1
Kenyan Drake,LV,RB,0,0,0,0,0,35.1,247.5,0.8,135.2,562.2,4.6,1.4,110.2
Jalen Richard,LV,RB,0,0,0,0,0,16.3,129.1,0.5,23.7,103.6,0.5,0.6,27.7
Alec Ingold,LV,RB,0,0,0,0,0,6.6,54.5,0.3,4.4,18.8,0.2,0.1,9.8
Damien Harris,NE,RB,0,0,0,0,0,11.5,87.8,0.3,212.3,998.9,5.9,1.4,142.8
James White,NE,RB,0,0,0,0,0,51.8,418.9,2.3,51.8,211.8,1.7,1.2,84.9
Sony Michel,NE,RB,0,0,0,0,0,7.6,66.4,0.4,94.7,419.3,2.8,0.6,66.4
Rhamondre Stevenson,NE,RB,0,0,0,0,0,9.7,73.3,0.4,61.3,266.6,2.1,1.1,47
Brandon Bolden,NE,RB,0,0,0,0,0,4.9,48.8,0.6,19.4,98.7,2.3,0,32.1
J.J. Taylor,NE,RB,0,0,0,0,0,2.3,17.8,0.1,2.8,12.1,0.1,0,3.9
Jakob Johnson,NE,RB,0,0,0,0,0,2.2,18.9,0.1,0,0,0,0,2.2
Alvin Kamara,NO,RB,0,0,0,0,0,81,688.6,3.5,206.9,941.4,9.7,1.9,238.3
Latavius Murray,NO,RB,0,0,0,0,0,24.8,177.6,1,138,584.5,4,1.2,103.2
Devonta Freeman,NO,RB,0,0,0,0,0,9.7,78,0.5,18.1,73.3,0.5,0.1,21.3
Ty Montgomery,NO,RB,0,0,0,0,0,3.4,23.9,0,14.5,51,0,0,7.5
Alex Armah,NO,RB,0,0,0,0,0,4,33.2,0.2,4.2,17.4,0.2,0.1,7
Dwayne Washington,NO,RB,0,0,0,0,0,1.5,11.6,0,2.6,10.9,0.1,0,2.8
Tony Jones Jr.,NO,RB,0,0,0,0,0,0.2,0.4,0,0.9,0.7,0,0,0.1
Raheem Mostert,SF,RB,0,0,0,0,0,26,224.5,1.4,155.5,774.3,6.1,1.4,142
Trey Sermon,SF,RB,0,0,0,0,0,19.4,157.8,1,145.4,660,5.4,1.8,116.3
Jeff Wilson Jr.,SF,RB,0,0,0,0,0,5.2,47.7,0.6,52.7,229.9,2.7,1,45.9
Wayne Gallman,SF,RB,0,0,0,0,0,9.4,72.8,0.4,51.2,225.9,2.3,0.7,44.8
Kyle Juszczyk,SF,RB,0,0,0,0,0,21.8,230,2,13.9,52.7,0.7,0.7,42.9
Elijah Mitchell,SF,RB,0,0,0,0,0,5.7,51.5,0.2,26.8,124.1,0.8,0.1,23.3
JaMycal Hasty,SF,RB,0,0,0,0,0,1.9,12.9,0,14.5,75.3,0.4,0,11.5
Leonard Fournette,TB,RB,0,0,0,0,0,28,191.3,0.8,164.3,673.4,6.2,1.2,125.9
Ronald Jones II,TB,RB,0,0,0,0,0,16,113.8,0.3,164.9,740.5,5.7,1.4,118.4
Giovani Bernard,TB,RB,0,0,0,0,0,35.8,272,1.7,55.6,201.5,1.4,0.6,64.7
Ke'Shawn Vaughn,TB,RB,0,0,0,0,0,2.3,16.5,0.1,15,63.6,0.5,0,11.6
C.J. Prosise,TB,RB,0,0,0,0,0,1,7,0,0.9,3.6,0,0,1.1
Chase Edmonds,ARI,RB,0,0,0,0,0,51.6,378.6,2.9,169,753.1,5,1.5,157.3
James Conner,ARI,RB,0,0,0,0,0,22.9,160.5,0.7,145.5,653,5.5,1.4,116.2
Ito Smith,ARI,RB,0,0,0,0,0,5.7,39.1,0.2,26.7,112.2,1,0.2,21.8
Eno Benjamin,ARI,RB,0,0,0,0,0,2.3,18.6,0,16.4,70.7,0.3,0,11
Mike Davis,ATL,RB,0,0,0,0,0,48.8,311.4,1.7,221.8,877.3,6.5,1.9,164.4
Qadree Ollison,ATL,RB,0,0,0,0,0,10.4,83.4,0.6,82.1,312.7,2.9,0.7,59.2
Cordarrelle Patterson,ATL,RB,0,0,0,0,0,14,123.4,0.7,49.2,225.2,1.4,0.2,47
Javian Hawkins,ATL,RB,0,0,0,0,0,4.6,35.4,0.1,50.3,206.9,1.6,0.2,34.2
D'Onta Foreman,ATL,RB,0,0,0,0,0,1.4,10,0,16.8,70.6,0.4,0,10.7
Keith Smith,ATL,RB,0,0,0,0,0,3.4,26.1,0.2,3.2,13.7,0.1,0.1,5.5
J.K. Dobbins,BAL,RB,0,0,0,0,0,31.8,241.1,1.2,212,1076.3,9.4,1.6,192.1
Gus Edwards,BAL,RB,0,0,0,0,0,10.7,91.4,0.3,152.1,738.8,5.1,1.3,112.8
Justice Hill,BAL,RB,0,0,0,0,0,4.3,30.9,0.1,19.1,87.8,0.6,0.1,16
Patrick Ricard,BAL,RB,0,0,0,0,0,8.8,58.4,0.8,0.9,1.4,0,0.5,9.8
Ben Mason,BAL,RB,0,0,0,0,0,3.5,27.7,0.2,0,0,0,0,4.2
Zack Moss,BUF,RB,0,0,0,0,0,24.5,176.5,1.2,159.3,683.5,5.7,1.2,125.2
Devin Singletary,BUF,RB,0,0,0,0,0,30.7,215.9,1.2,120.7,536.4,2.9,1.3,97.7
Matt Breida,BUF,RB,0,0,0,0,0,9.6,76.3,0.4,42.8,189.2,1,1.1,32.6
Antonio Williams,BUF,RB,0,0,0,0,0,0.3,2.8,0,9,37.4,0.2,0,5
Taiwan Jones,BUF,RB,0,0,0,0,0,0.9,7,0,1.1,4.7,0,0,1.2
Christian McCaffrey,CAR,RB,0,0,0,0,0,93.8,760.1,4.3,297.1,1301.6,12,2.5,298.6
Chuba Hubbard,CAR,RB,0,0,0,0,0,10.6,86,0.4,61.8,261,2,1.1,46.7
Reggie Bonnafon,CAR,RB,0,0,0,0,0,2.3,17.7,0,19.2,87.9,0.4,0,12.9
Trenton Cannon,CAR,RB,0,0,0,0,0,2.5,19.2,0.1,4.1,17,0.1,0,4.7
David Montgomery,CHI,RB,0,0,0,0,0,40.1,316,1.6,255.5,1068.4,8.1,2,192.6
Damien Williams,CHI,RB,0,0,0,0,0,20.7,148,1.3,74.7,314.2,3,0.6,70.5
Tarik Cohen,CHI,RB,0,0,0,0,0,43.5,294.3,1.4,49.5,202.7,1.1,1.2,62.4
Khalil Herbert,CHI,RB,0,0,0,0,0,2.8,22,0.1,9.7,40.3,0.3,0.1,8.3
Ryan Nall,CHI,RB,0,0,0,0,0,0.9,6.3,0,0.9,3.9,0,0,1
Artavis Pierce,CHI,RB,0,0,0,0,0,0.9,6.2,0,0.9,3.9,0,0,1
Joe Mixon,CIN,RB,0,0,0,0,0,50.4,368.5,2.9,274.8,1157.2,8.1,2,214.2
Trayveon Williams,CIN,RB,0,0,0,0,0,14.1,113,0.5,48,205.3,1.3,1.5,39.6
Samaje Perine,CIN,RB,0,0,0,0,0,9.1,61.6,0.2,50.8,214.7,1.5,0.1,37.5
Chris Evans,CIN,RB,0,0,0,0,0,4.4,32.8,0.2,24.4,96.9,0.4,0.1,16.2
Nick Chubb,CLE,RB,0,0,0,0,0,28.8,225.5,1,273.5,1371.7,11.1,1.9,228.2
Kareem Hunt,CLE,RB,0,0,0,0,0,39,314,2.5,155.7,689.4,5.6,1.3,146.1
Johnny Stanton,CLE,RB,0,0,0,0,0,9,70,1,20,100,1,0,29
Demetric Felton,CLE,RB,0,0,0,0,0,2.5,20.6,0,18.7,90.2,0.7,0,15.4
D'Ernest Johnson,CLE,RB,0,0,0,0,0,2.3,16.9,0,18.2,77.9,0.4,0.1,11.5
Andy Janovich,CLE,RB,0,0,0,0,0,3.9,32.6,0.2,1,4.3,0,0,4.8
Ezekiel Elliott,DAL,RB,0,0,0,0,0,52.8,393,2.4,281.8,1209.3,9.5,2.9,225.8
Tony Pollard,DAL,RB,0,0,0,0,0,30.6,225.1,1.3,110.7,494.9,3.2,1.2,96.6
Rico Dowdle,DAL,RB,0,0,0,0,0,3.3,26.5,0.1,15.5,64.6,0.5,0,12.3
Javonte Williams,DEN,RB,0,0,0,0,0,25.9,202.7,1.1,188.2,835.2,5.5,2,139.5
Melvin Gordon III,DEN,RB,0,0,0,0,0,21.6,140.6,1,168.8,743.2,5.5,2.4,122.4
Mike Boone,DEN,RB,0,0,0,0,0,6.4,43.4,0.1,47,223.6,1.5,0.6,35.5
Royce Freeman,DEN,RB,0,0,0,0,0,3.2,20,0.1,14.3,59.9,0.4,0,10.8
Andrew Beck,DEN,RB,0,0,0,0,0,4.1,28.1,0.2,4.9,21.2,0.2,0,7
Adrian Killins Jr.,DEN,RB,0,0,0,0,0,0.9,6.1,0,0.9,3.9,0,0,1
LeVante Bellamy,DEN,RB,0,0,0,0,0,0.9,5.5,0,1,4.4,0,0,1
Damarea Crockett,DEN,RB,0,0,0,0,0,0.9,5.5,0,1,4.2,0,0,1
D'Andre Swift,DET,RB,0,0,0,0,0,58.7,435.2,2.1,189.9,846.1,7.7,2.3,182.5
Jamaal Williams,DET,RB,0,0,0,0,0,35.5,240.9,1.2,139.9,574.5,3.5,1.2,107.7
Jermar Jefferson,DET,RB,0,0,0,0,0,10.6,78.6,0.1,27.9,113.8,0.8,0.1,24.6
Jason Cabinda,DET,RB,0,0,0,0,0,1,6.1,0,0.8,3.5,0,0,1
David Johnson,HOU,RB,0,0,0,0,0,34.4,308.4,2,118.1,494.5,3.7,0.9,112.6
Phillip Lindsay,HOU,RB,0,0,0,0,0,25.3,163.9,0.4,142.8,628.4,3.7,1.2,101.5
Rex Burkhead,HOU,RB,0,0,0,0,0,16.7,157.6,1.3,35.8,150.6,1.4,0.6,45.5
Mark Ingram II,HOU,RB,0,0,0,0,0,10.5,88.3,0.7,54.3,220.2,1.7,0.6,43.7
Buddy Howell,HOU,RB,0,0,0,0,0,4.1,28.8,0.2,4,17.3,0.2,0,6.6
Dontrell Hilliard,HOU,RB,0,0,0,0,0,0.9,6.4,0,1.7,7.1,0,0,1.3
Scottie Phillips,HOU,RB,0,0,0,0,0,0.9,6,0,0.8,3.5,0,0,1
Jonathan Taylor,IND,RB,0,0,0,0,0,42.1,321,1.6,270.7,1255.3,10.9,1.9,228.3
Nyheim Hines,IND,RB,0,0,0,0,0,49.9,371.5,2.2,60.4,261.2,1.9,1.2,85.2
Marlon Mack,IND,RB,0,0,0,0,0,8.7,62.2,0.2,73.7,315.5,2.6,0.6,53.1
Jordan Wilkins,IND,RB,0,0,0,0,0,1.7,12.6,0.1,14.6,71.2,0.4,0,11.5
Travis Etienne,JAC,RB,0,0,0,0,0,61.5,487,2.4,136.9,613.2,4.2,1.9,146.1
James Robinson,JAC,RB,0,0,0,0,0,30.4,217.4,1,182.2,797.1,5.5,1.5,137.8
Carlos Hyde,JAC,RB,0,0,0,0,0,6.3,36.6,0.1,52.6,213.4,1.4,0.6,32.5
Devine Ozigbo,JAC,RB,0,0,0,0,0,1.5,11.6,0,2.9,12.3,0.1,0,3
Dare Ogunbowale,JAC,RB,0,0,0,0,0,1.4,9.4,0,2.1,8.9,0,0,1.8
Nathan Cottrell,JAC,RB,0,0,0,0,0,0.9,6.2,0,0.9,3.6,0,0,1
Austin Ekeler,LAC,RB,0,0,0,0,0,79.3,684.4,4.6,178.2,810.6,4.7,1.6,202.5
Justin Jackson,LAC,RB,0,0,0,0,0,17.3,122.4,0.4,92.3,422.1,1.9,0.6,66.8
Joshua Kelley,LAC,RB,0,0,0,0,0,9.3,66.6,0.2,90.4,338.4,2.2,1.2,52
Larry Rountree III,LAC,RB,0,0,0,0,0,4.6,34.9,0.2,36.8,154.6,1.4,0.2,28.1
Gabe Nabers,LAC,RB,0,0,0,0,0,3.2,25,0.2,3.3,14.4,0.1,0.1,5.8
Darrell Henderson,LAR,RB,0,0,0,0,0,31.8,264.9,1.6,237,1026,7.9,1.8,182.5
Xavier Jones,LAR,RB,0,0,0,0,0,14,112.2,0.6,96.4,397.7,3.4,1.2,73
Jake Funk,LAR,RB,0,0,0,0,0,9.4,75.4,0.3,44.4,184.8,2.1,0.2,39.9
Raymond Calais,LAR,RB,0,0,0,0,0,4.6,35.5,0.2,23.1,97.6,0.8,0.1,19.6
Myles Gaskin,MIA,RB,0,0,0,0,0,43.2,338.2,1.8,186.4,789.8,5.3,1.9,151.3
Malcolm Brown,MIA,RB,0,0,0,0,0,17.1,114.5,0.4,122,484.1,4.7,0.8,88.8
Salvon Ahmed,MIA,RB,0,0,0,0,0,11.4,76.3,0.4,57.8,241.7,1.5,0.3,42.8
Gerrid Doaks,MIA,RB,0,0,0,0,0,4.4,32.8,0.1,12.2,50.9,0.4,0.1,11.5
Patrick Laird,MIA,RB,0,0,0,0,0,0.9,5.5,0,1.5,6.4,0,0,1.2
Jordan Scarlett,MIA,RB,0,0,0,0,0,0.9,5.3,0,0.9,3.9,0,0,0.9
Dalvin Cook,MIN,RB,0,0,0,0,0,54.9,473.3,2,317.5,1491.6,13,2.9,280.2
Alexander Mattison,MIN,RB,0,0,0,0,0,16.2,132.8,0.6,115.5,519.5,2.7,0.7,84.1
Ameer Abdullah,MIN,RB,0,0,0,0,0,6.2,43.8,0.4,15.4,68.7,0.1,0,13.9
C.J. Ham,MIN,RB,0,0,0,0,0,5.9,49.8,0.3,4.8,20,0.2,0.1,9.6
Kene Nwangwu,MIN,RB,0,0,0,0,0,2.4,17.8,0,16.3,65.8,0.2,0,9.5
Saquon Barkley,NYG,RB,0,0,0,0,0,55.9,434.1,2,266,1203.3,9.1,1.8,226.4
Devontae Booker,NYG,RB,0,0,0,0,0,11.8,78.1,0.2,77.8,329.3,2,0.7,52.7
Gary Brightwell,NYG,RB,0,0,0,0,0,3,22,0,20,88,0,0,11
Alfred Morris,NYG,RB,0,0,0,0,0,1.5,10.4,0,9.1,37.8,0.3,0.1,6.5
Corey Clement,NYG,RB,0,0,0,0,0,0.5,3.6,0,4.2,17.7,0.2,0,3.1
Elijhaa Penny,NYG,RB,0,0,0,0,0,1.5,10.9,0,2.5,10.3,0.1,0,2.8
Taquan Mizzell,NYG,RB,0,0,0,0,0,0.9,5.4,0,0.9,3.7,0,0,0.9
Cullen Gillaspia,NYG,RB,0,0,0,0,0,0.9,5.2,0,0.9,3.7,0,0,0.9
Michael Carter,NYJ,RB,0,0,0,0,0,31.6,242.2,1.1,153.7,642.4,3.8,1.8,114.5
Tevin Coleman,NYJ,RB,0,0,0,0,0,17.6,133.9,0.3,131.9,510.7,3.6,1.2,85.8
Ty Johnson,NYJ,RB,0,0,0,0,0,14.8,101.7,0.6,76.6,331.5,2.2,0.3,59.5
La'Mical Perine,NYJ,RB,0,0,0,0,0,4.3,31.4,0.2,32.6,137.2,1,0.2,23.2
Josh Adams,NYJ,RB,0,0,0,0,0,0.9,6,0,5.2,22.5,0.2,0,3.9
Austin Walter,NYJ,RB,0,0,0,0,0,0.9,6.3,0,0.9,3.6,0,0,1
Miles Sanders,PHI,RB,0,0,0,0,0,40.7,333.8,1.7,223,1067.6,6.8,1.8,187.1
Boston Scott,PHI,RB,0,0,0,0,0,21.6,170.8,0.7,60.4,255.5,2,0.7,57
Kenneth Gainwell,PHI,RB,0,0,0,0,0,11.4,89.5,0.4,46,210.7,1.4,1.1,38.8
Kerryon Johnson,PHI,RB,0,0,0,0,0,4.1,33.3,0.2,34,141.6,1.2,0.2,25.1
Jordan Howard,PHI,RB,0,0,0,0,0,1,7.7,0,17.6,68.6,0.7,0,11.6
Jason Huntley,PHI,RB,0,0,0,0,0,0.9,6.1,0,0.9,3.9,0,0,1
Najee Harris,PIT,RB,0,0,0,0,0,49.3,365.2,2.2,260.1,1141.5,8.5,2.6,209.7
Benny Snell Jr.,PIT,RB,0,0,0,0,0,6.4,43.4,0.1,60,222.4,1.8,0.6,36.7
Jaylen Samuels,PIT,RB,0,0,0,0,0,7.8,51.7,0.3,26.5,111,0.6,0.1,21.9
Anthony McFarland Jr.,PIT,RB,0,0,0,0,0,5.7,45,0.1,30.3,116.2,0.5,0.6,18.8
Trey Edmunds,PIT,RB,0,0,0,0,0,3.9,25.8,0.2,14.8,64,0.4,0,12.3
Tony Brooks-James,PIT,RB,0,0,0,0,0,0.9,6.3,0,15.5,65.4,0.4,0,9.4
Kalen Ballage,PIT,RB,0,0,0,0,0,1.8,11.7,0,7,27.8,0.2,0.1,5.3
Derek Watt,PIT,RB,0,0,0,0,0,1.7,12.2,0.1,4.3,18.1,0.2,0,4.4
Chris Carson,SEA,RB,0,0,0,0,0,43.4,321.4,2.4,230.5,1055.6,7.4,2.1,192.2
Rashaad Penny,SEA,RB,0,0,0,0,0,13.8,108.3,0.7,86.7,404.7,3,0.7,71.8
DeeJay Dallas,SEA,RB,0,0,0,0,0,16.7,122.7,0.9,47.3,188.9,1.5,0.6,44.5
Travis Homer,SEA,RB,0,0,0,0,0,4.2,30.5,0.1,15.5,65.7,0.3,0.1,11.8
Alex Collins,SEA,RB,0,0,0,0,0,1.4,10.7,0.1,12.5,52.6,0.5,0.2,9.3
Nick Bellore,SEA,RB,0,0,0,0,0,4.4,31.5,0.3,1.5,6.7,0,0,5.9
Derrick Henry,TEN,RB,0,0,0,0,0,23.8,178.6,1.1,343,1703.2,14.2,2.7,274.5
Darrynton Evans,TEN,RB,0,0,0,0,0,18.2,152.3,1.3,75.3,336.1,2.5,1.2,69.2
Brian Hill,TEN,RB,0,0,0,0,0,5.3,37.3,0.2,36,171.2,0.7,0.2,26.1
Jeremy McNichols,TEN,RB,0,0,0,0,0,3.6,22.8,0,19.4,87.4,0.3,0,13
Khari Blasingame,TEN,RB,0,0,0,0,0,2.3,19.4,0.1,0.5,2.1,0,0,2.7
Antonio Gibson,WAS,RB,0,0,0,0,0,45.2,328.4,1.4,242.6,1086.5,9.7,2.1,203.8
J.D. McKissic,WAS,RB,0,0,0,0,0,56.4,410.1,1.7,65.7,283.9,1.5,0.8,87.4
Peyton Barber,WAS,RB,0,0,0,0,0,5,33,0.1,59.2,209.5,2.2,0.6,36.9
Jaret Patterson,WAS,RB,0,0,0,0,0,2.2,18.1,0.1,16.7,69.5,0.6,0.1,12.5
Jonathan Williams,WAS,RB,0,0,0,0,0,0.9,7,0,2.3,9.8,0,0,1.7
Travis Kelce,KC,TE,0,0,0,0,0,112.4,1399.3,10.2,0,0,0,0.8,199.8
George Kittle,SF,TE,0,0,0,0,0,96.1,1201.2,6.5,0,0,0,0.7,158
Darren Waller,LV,TE,0,0,0,0,0,100.3,1144.8,7.1,0,0,0,0.9,155.6
Mark Andrews,BAL,TE,0,0,0,0,0,70.6,853.9,8.2,0,0,0,0.9,132.6
Kyle Pitts,ATL,TE,0,0,0,0,0,69.8,843.2,6.4,0,0,0,1.2,120.2
T.J. Hockenson,DET,TE,0,0,0,0,0,75.4,835.7,5.2,0,0,0,0.8,113.3
Robert Tonyan,GB,TE,0,0,0,0,0,55.6,609.6,6.4,0,0,0,0.1,99.3
Tyler Higbee,LAR,TE,0,0,0,0,0,61,681.4,5.3,0,0,0,0.6,98.9
Logan Thomas,WAS,TE,0,0,0,0,0,64.9,666.9,5.3,0,0,0,0.6,97
Noah Fant,DEN,TE,0,0,0,0,0,62.2,692.3,4.5,0,0,0,0.7,94.6
Dallas Goedert,PHI,TE,0,0,0,0,0,61.7,679.7,4.7,0,0,0,0.7,94.5
Mike Gesicki,MIA,TE,0,0,0,0,0,55.3,618.6,5.2,0,0,0,0.7,92
Irv Smith Jr.,MIN,TE,0,0,0,0,0,52.6,582.1,5.6,0,0,0,0.7,90.2
Jared Cook,LAC,TE,0,0,0,0,0,46,575.9,5.1,0,0,0,0.6,87.1
Rob Gronkowski,TB,TE,0,0,0,0,0,41.1,536.8,5.6,0,0,0,0.2,86.8
Jonnu Smith,NE,TE,0,0,0,0,0,54.6,570.9,4.7,0,0,0,0.7,83.7
Blake Jarwin,DAL,TE,0,0,0,0,0,50.9,574.7,4.2,0,0,0,0.7,81.2
Eric Ebron,PIT,TE,0,0,0,0,0,55.4,546.3,4.5,0,0,0,0.7,80.2
Hunter Henry,NE,TE,0,0,0,0,0,53.2,576.6,4,0,0,0,0.6,80.1
Anthony Firkser,TEN,TE,0,0,0,0,0,51,545.9,4.2,0,0,0,0.1,79.3
Adam Trautman,NO,TE,0,0,0,0,0,50.5,552.6,4.1,0,0,0,0.7,78.7
Evan Engram,NYG,TE,0,0,0,0,0,57.5,583,3.6,0,0,0,0.7,78.7
Austin Hooper,CLE,TE,0,0,0,0,0,48.7,487.3,4.4,0,0,0,0.6,73.8
Zach Ertz,PHI,TE,0,0,0,0,0,49.9,507,3.5,0,0,0,0.6,70.2
Cole Kmet,CHI,TE,0,0,0,0,0,48.4,480.9,3.7,0,0,0,1.2,67.8
Gerald Everett,SEA,TE,0,0,0,0,0,42,432.7,3.9,0,0,0,0.6,65.6
Jordan Akins,HOU,TE,0,0,0,0,0,44.4,470.4,2.8,0,0,0,0.1,63.9
Dawson Knox,BUF,TE,0,0,0,0,0,33.4,384.2,3.5,0,0,0,0.6,58.3
Hayden Hurst,ATL,TE,0,0,0,0,0,38.5,405.3,2.9,0,0,0,0.1,58.1
C.J. Uzomah,CIN,TE,0,0,0,0,0,36.8,357.9,3.3,0,0,0,0.1,55.1
Jack Doyle,IND,TE,0,0,0,0,0,32.6,336.6,3,0,0,0,0.1,51.5
Will Dissly,SEA,TE,0,0,0,0,0,30.2,317.5,3,0,0,0,0.1,49.6
Chris Herndon IV,NYJ,TE,0,0,0,0,0,35.5,357.2,2.8,0,0,0,1.6,49.2
Donald Parham Jr.,LAC,TE,0,0,0,0,0,28,339.2,2.5,0,0,0,0.1,48.7
Mo Alie-Cox,IND,TE,0,0,0,0,0,31.5,340.6,2.4,0,0,0,0.6,47.6
O.J. Howard,TB,TE,0,0,0,0,0,26.7,338.9,2.5,0,0,0,0.7,47.3
Dan Arnold,CAR,TE,0,0,0,0,0,27.2,342.2,2.3,0,0,0,0.7,46.5
David Njoku,CLE,TE,0,0,0,0,0,23.4,252.8,2.6,0,0,0,0,40.6
Stephen Carlson,CLE,TE,0,0,0,0,0,20,218,3,0,0,0,0,39.8
Jimmy Graham,CHI,TE,0,0,0,0,0,23.2,242.1,2.6,0,0,0,0.1,39.6
Jacob Hollister,BUF,TE,0,0,0,0,0,29.1,264,2.3,0,0,0,0.6,39.2
Tyler Conklin,MIN,TE,0,0,0,0,0,25.4,267.1,2,0,0,0,0.1,38.7
Dalton Schultz,DAL,TE,0,0,0,0,0,23.4,243.7,2,0,0,0,0.1,36.3
Maxx Williams,ARI,TE,0,0,0,0,0,21.3,236,2,0,0,0,0.1,35.1
Nick Boyle,BAL,TE,0,0,0,0,0,23.2,215.8,2.1,0,0,0,0,34
Kyle Rudolph,NYG,TE,0,0,0,0,0,23.1,212.3,1.8,0,0,0,0.1,31.7
Geoff Swaim,TEN,TE,0,0,0,0,0,22.6,211.3,1.7,0,0,0,0.1,31.4
Cameron Brate,TB,TE,0,0,0,0,0,22,206.1,1.8,0,0,0,0,31.1
Drew Sample,CIN,TE,0,0,0,0,0,24.6,232,1.4,0,0,0,0.6,30.6
James O'Shaughnessy,JAC,TE,0,0,0,0,0,23.2,228.7,1,0,0,0,0.1,28.7
Darren Fells,DET,TE,0,0,0,0,0,18.2,188.5,1.6,0,0,0,0,28.3
Harrison Bryant,CLE,TE,0,0,0,0,0,18.2,196.2,1.8,0,0,0,1.1,28
Foster Moreau,LV,TE,0,0,0,0,0,13.9,152.1,2.1,0,0,0,0.1,27.9
Pharaoh Brown,HOU,TE,0,0,0,0,0,16.6,178.8,1.3,0,0,0,0.1,25.8
Ryan Izzo,HOU,TE,0,0,0,0,0,12.9,212.9,1,0,0,0,1,25.3
Tyler Kroft,NYJ,TE,0,0,0,0,0,14.6,148.2,1.7,0,0,0,0.1,24.7
Pat Freiermuth,PIT,TE,0,0,0,0,0,19.8,178.1,1.3,0,0,0,0.5,24.7
Adam Shaheen,MIA,TE,0,0,0,0,0,15.4,157.2,1.8,0,0,0,1,24.4
Hunter Long,MIA,TE,0,0,0,0,0,18.6,175.7,1.3,0,0,0,0.5,24.1
Albert Okwuegbunam,DEN,TE,0,0,0,0,0,15.4,161.2,1.3,0,0,0,0.1,23.7
Ian Thomas,CAR,TE,0,0,0,0,0,17.7,157.2,1.3,0,0,0,0,23.2
Chris Manhertz,JAC,TE,0,0,0,0,0,15.9,158.4,1,0,0,0,0,21.7
Marcedes Lewis,GB,TE,0,0,0,0,0,11.5,121.3,1.4,0,0,0,0,20.6
Noah Gray,KC,TE,0,0,0,0,0,14.4,146.7,1.1,0,0,0,0.5,20.4
Matt Sokol,LAC,TE,0,0,0,0,0,13,140,1,0,0,0,0,20
Reggie Gilliam,BUF,TE,0,0,0,0,0,11,77,2,0,0,0,0,19.7
Brevin Jordan,HOU,TE,0,0,0,0,0,12.8,131.3,1.2,0,0,0,0.5,19.4
Kahale Warring,HOU,TE,0,0,0,0,0,13.5,138.5,0.9,0,0,0,0,19
Kyle Markway,LAR,TE,0,0,0,0,0,13,130,1,0,0,0,0,19
Jacob Harris,LAR,TE,0,0,0,0,0,10.7,136.9,0.8,0,0,0,0,18.3
Juwan Johnson,NO,TE,0,0,0,0,0,11.1,127.2,0.9,0,0,0,0.1,18.1
Thaddeus Moss,CIN,TE,0,0,0,0,0,13,121,1,0,0,0,0,18.1
Ryan Griffin,NYJ,TE,0,0,0,0,0,11.2,106.5,1.2,0,0,0,0,17.6
Kylen Granson,IND,TE,0,0,0,0,0,13.1,136.5,0.7,0,0,0,0.1,17.4
Darrell Daniels,ARI,TE,0,0,0,0,0,11.3,121.8,0.9,0,0,0,0.1,17.3
Hunter Bryant,DET,TE,0,0,0,0,0,10.4,122.8,0.8,0,0,0,0,17.2
Devin Asiasi,NE,TE,0,0,0,0,0,10.4,117,1.1,0,0,0,0.5,17.1
Ross Dwelley,SF,TE,0,0,0,0,0,11.4,119.8,0.9,0,0,0,0,17.1
Brycen Hopkins,LAR,TE,0,0,0,0,0,12.5,127.8,0.7,0,0,0,0.1,16.9
Durham Smythe,MIA,TE,0,0,0,0,0,13.1,108,1,0,0,0,0,16.4
Austin Fort,DEN,TE,0,0,0,0,0,10,102,1,0,0,0,0,16.2
Derek Carrier,LV,TE,0,0,0,0,0,10,92,1.2,0,0,0,0,16.1
Luke Farrell,JAC,TE,0,0,0,0,0,13.8,130,0.7,0,0,0,0.5,16
Caleb Wilson,WAS,TE,0,0,0,0,0,10,97,1,0,0,0,0,15.7
John Bates,WAS,TE,0,0,0,0,0,12.4,119.1,0.8,0,0,0,0.5,15.4
Jace Sternberger,GB,TE,0,0,0,0,0,9.3,86,1,0,0,0,0,14.6
Blake Bell,KC,TE,0,0,0,0,0,10,94.9,0.7,0,0,0,0,13.9
Jordan Thomas,IND,TE,0,0,0,0,0,8.3,74,0.7,0,0,0,0,11.8
Nick Vannett,NO,TE,0,0,0,0,0,7.3,80.1,0.6,0,0,0,0,11.5
Evan Baylis,KC,TE,0,0,0,0,0,6.9,72,0.6,0,0,0,0,10.6
Tommy Sweeney,BUF,TE,0,0,0,0,0,6,75.5,0.5,0,0,0,0,10.6
Tre' McKitty,LAC,TE,0,0,0,0,0,7.7,81.6,0.4,0,0,0,0,10.6
J.P. Holtz,CHI,TE,0,0,0,0,0,5.9,73.2,0.5,0,0,0,0,10.3
Jeremy Sprinkle,DAL,TE,0,0,0,0,0,6.9,71.4,0.5,0,0,0,0,10.1
Tommy Tremble,CAR,TE,0,0,0,0,0,8.6,85.4,0.4,0,0,0,0.5,9.9
Daniel Brown,NYJ,TE,0,0,0,0,0,5.4,63.6,0.5,0,0,0,0,9.4
Richard Rodgers,PHI,TE,0,0,0,0,0,5,65.7,0.5,0,0,0,0,9.4
Noah Togiai,IND,TE,0,0,0,0,0,6.4,60.9,0.5,0,0,0,0,9.2
Charlie Woerner,SF,TE,0,0,0,0,0,5.4,63.8,0.4,0,0,0,0,9
Stephen Anderson,LAC,TE,0,0,0,0,0,5.3,65.6,0.4,0,0,0,0,9
Antony Auclair,HOU,TE,0,0,0,0,0,4.9,54.5,0.5,0,0,0,0,8.5
Johnny Mundt,LAR,TE,0,0,0,0,0,5.4,57.1,0.5,0,0,0,0,8.5
Zach Gentry,PIT,TE,0,0,0,0,0,6.1,54.9,0.5,0,0,0,0,8.3
Jesse James,CHI,TE,0,0,0,0,0,6.1,51.3,0.5,0,0,0,0,8
Colby Parkinson,SEA,TE,0,0,0,0,0,4.2,44,0.5,0,0,0,0,7.1
Josh Oliver,BAL,TE,0,0,0,0,0,4.3,44.2,0.4,0,0,0,0,7
Josiah Deguara,GB,TE,0,0,0,0,0,4.3,47.1,0.4,0,0,0,0.1,6.9
Demetrius Harris,ARI,TE,0,0,0,0,0,3.8,39.2,0.4,0,0,0,0,6.2
Ben Ellefson,JAC,TE,0,0,0,0,0,4.2,41.9,0.3,0,0,0,0,6.2
Luke Stocker,TEN,TE,0,0,0,0,0,3.9,37.8,0.4,0,0,0,0.1,5.9
Mason Schreck,CIN,TE,0,0,0,0,0,3.5,36.4,0.3,0,0,0,0,5.2
Alize Mack,DET,TE,0,0,0,0,0,4.1,39.4,0.2,0,0,0,0,5.1
Tyree Jackson,PHI,TE,0,0,0,0,0,3.5,36.2,0.2,0,0,0,0,4.9
Dominique Dafney,GB,TE,0,0,0,0,0,2.4,25.7,0.2,0,0,0,0,3.9
Lee Smith,ATL,TE,0,0,0,0,0,2.6,25,0.2,0,0,0,0,3.6
Sean McKeon,DAL,TE,0,0,0,0,0,2.6,26.7,0.2,0,0,0,0,3.5
Jordan Franks,CLE,TE,0,0,0,0,0,2.1,23.5,0.2,0,0,0,0,3.4
Eric Saubert,DEN,TE,0,0,0,0,0,2.3,22.7,0.1,0,0,0,0,3.1
Cethan Carter,MIA,TE,0,0,0,0,0,2.5,24.2,0.1,0,0,0,0,3.1
Trevon Wesco,NYJ,TE,0,0,0,0,0,2.3,24.3,0.1,0,0,0,0,3.1
Kaden Smith,NYG,TE,0,0,0,0,0,2.5,22.1,0.1,0,0,0,0,3
Ricky Seals-Jones,WAS,TE,0,0,0,0,0,1.5,18.3,0.2,0,0,0,0,2.8
Zach Davidson,MIN,TE,0,0,0,0,0,1.7,17.6,0.1,0,0,0,0,2.6
Tanner Hudson,TB,TE,0,0,0,0,0,1.5,15.7,0.2,0,0,0,0,2.5
Brandon Dillon,MIN,TE,0,0,0,0,0,1.3,13.8,0.1,0,0,0,0,2
Temarrick Hemingway,WAS,TE,0,0,0,0,0,1.4,16.1,0.1,0,0,0,0,2
Matt LaCosse,NE,TE,0,0,0,0,0,1.2,12.8,0.1,0,0,0,0,1.6
Eric Tomlinson,BAL,TE,0,0,0,0,0,1.2,11.7,0.1,0,0,0,0,1.6
Codey McElroy,TB,TE,0,0,0,0,0,0.9,8.6,0.1,0,0,0,0,1.5
Isaac Nauta,GB,TE,0,0,0,0,0,0.8,8.3,0.1,0,0,0,0,1.1
Kevin Rader,PIT,TE,0,0,0,0,0,0.9,8.7,0,0,0,0,0,1.1
Garrett Griffin,NO,TE,0,0,0,0,0,0.8,8.8,0,0,0,0,0,1
Tyrone Swoopes,WAS,TE,0,0,0,0,0,0.9,9.6,0,0,0,0,0,1
Deon Yelder,TEN,TE,0,0,0,0,0,0.8,7.3,0,0,0,0,0,0.9
MyCole Pruitt,SF,TE,0,0,0,0,0,0.8,8.2,0,0,0,0,0,0.8
Jesper Horsted,CHI,TE,0,0,0,0,0,0.8,8.3,0,0,0,0,0,0.8
Jason Croom,PHI,TE,0,0,0,0,0,0.8,8.5,0,0,0,0,0,0.8
Hakeem Butler,PHI,TE,0,0,0,0,0,0.8,8.4,0,0,0,0,0,0.8
Colin Thompson,CAR,TE,0,0,0,0,0,0.7,6.8,0,0,0,0,0,0.7
Cole Hikutini,NYG,TE,0,0,0,0,0,0.8,7.2,0,0,0,0,0,0.7
Davante Adams,GB,WR,0,0,0,0,0,122.5,1462.6,12.8,0,0,0,0.8,221.3
Randall Cobb,GB,WR,0,0,0,0,0,50.6,612.6,4.1,1.5,7.6,0,0.7,85.2
Allen Lazard,GB,WR,0,0,0,0,0,40.8,551.4,3.7,1.3,9.7,0,0.6,77
Marquez Valdes-Scantling,GB,WR,0,0,0,0,0,25.7,438.2,3.3,2.5,14.8,0,0.6,64.4
Amari Rodgers,GB,WR,0,0,0,0,0,18,221.4,1.3,2,12.4,0.1,0.1,31.5
Devin Funchess,GB,WR,0,0,0,0,0,2,26,0.2,0,0,0,0,3.8
Equanimeous St. Brown,GB,WR,0,0,0,0,0,1.3,17.1,0.2,0,0,0,0,2.7
Malik Taylor,GB,WR,0,0,0,0,0,1.2,13.8,0.2,0,0,0,0,2.4
Tyreek Hill,KC,WR,0,0,0,0,0,100.2,1436.2,12.3,12.9,82.4,0.8,0.7,229.2
Mecole Hardman,KC,WR,0,0,0,0,0,52.4,732.1,5.5,6.4,43.8,0.1,1.7,108
Demarcus Robinson,KC,WR,0,0,0,0,0,34.2,410.8,3.2,0,0,0,0.6,59.1
Byron Pringle,KC,WR,0,0,0,0,0,22.6,290.2,2,0,0,0,0.2,40.8
Cornell Powell,KC,WR,0,0,0,0,0,3.8,48.5,0.3,0,0,0,0,6.9
Marcus Kemp,KC,WR,0,0,0,0,0,2.4,30.5,0.2,0,0,0,0,4.2
Antonio Callaway,KC,WR,0,0,0,0,0,0.9,11.1,0,0,0,0,0,1.2
Gehrig Dieter,KC,WR,0,0,0,0,0,0.9,9.7,0,0,0,0,0,1
Darrius Shepherd,KC,WR,0,0,0,0,0,0.9,9.5,0,0,0,0,0,0.9
Chad Williams,KC,WR,0,0,0,0,0,0.8,8.8,0,0,0,0,0,0.9
Henry Ruggs III,LV,WR,0,0,0,0,0,49.2,758.7,4.1,7.6,42,0.1,1.7,102.3
John Brown,LV,WR,0,0,0,0,0,40.2,547.5,3.3,0.3,1,0,0.6,73.6
Bryan Edwards,LV,WR,0,0,0,0,0,37.8,494.8,3.1,0,0,0,0.2,67.5
Hunter Renfrow,LV,WR,0,0,0,0,0,42.5,510.4,2.9,0,0,0,0.6,67.2
Willie Snead IV,LV,WR,0,0,0,0,0,14.4,167.8,0.9,0,0,0,0.1,21.9
Zay Jones,LV,WR,0,0,0,0,0,3.3,37.3,0.3,0,0,0,0,5.5
Trey Quinn,LV,WR,0,0,0,0,0,1.2,12.3,0,0,0,0,0,1.2
Keelan Doss,LV,WR,0,0,0,0,0,0.8,9.3,0,0,0,0,0,0.9
Marcell Ateman,LV,WR,0,0,0,0,0,0.7,9.1,0,0,0,0,0,0.9
Nelson Agholor,NE,WR,0,0,0,0,0,51.3,724.1,4.4,0.3,1.3,0,0.7,97.7
Jakobi Meyers,NE,WR,0,0,0,0,0,47.9,610.7,2.9,0.8,4.1,0,0.4,78.1
Kendrick Bourne,NE,WR,0,0,0,0,0,28.6,363,1.9,0,0,0,0.1,47.6
N'Keal Harry,NE,WR,0,0,0,0,0,15.4,187,1.3,0.9,5.6,0,0.1,27.3
Gunner Olszewski,NE,WR,0,0,0,0,0,2.8,33.8,0.2,1.8,9.7,0.1,0,5.7
Marvin Hall,NE,WR,0,0,0,0,0,0.7,8.9,0,0,0,0,0,0.9
Michael Thomas,NO,WR,0,0,0,0,0,71.8,856.6,4.9,0.3,-0.8,0,0.7,113.5
Tre'Quan Smith,NO,WR,0,0,0,0,0,44.4,633.4,5.3,0.3,0.5,0,0.1,95
Marquez Callaway,NO,WR,0,0,0,0,0,44.4,540.3,3.4,0,0,0,0.3,74
Deonte Harris,NO,WR,0,0,0,0,0,27.5,311.3,1.6,7.3,47.8,0.1,0.2,46.1
Ty Montgomery,NO,WR,0,0,0,0,0,14.8,155.3,1,8.5,39,0.1,0.1,25.6
Chris Hogan,NO,WR,0,0,0,0,0,6.3,84.7,0.6,0,0,0,0,11.8
Juwan Johnson,NO,WR,0,0,0,0,0,7.8,103.7,0.1,0,0,0,0,10.7
Lil'Jordan Humphrey,NO,WR,0,0,0,0,0,4.2,54.7,0.3,0,0,0,0,7.5
Kawaan Baker,NO,WR,0,0,0,0,0,1.9,25.8,0.1,0,0,0,0,3.4
Jake Lampman,NO,WR,0,0,0,0,0,0.7,9.4,0,0,0,0,0,0.9
Kevin White,NO,WR,0,0,0,0,0,0.7,8,0,0,0,0,0,0.8
Brandon Aiyuk,SF,WR,0,0,0,0,0,72.1,915.2,6.3,14.6,82.4,0.7,0.7,140.2
Deebo Samuel,SF,WR,0,0,0,0,0,70.5,898.5,4.7,13.5,99.2,0.7,0.8,130.7
Mohamed Sanu,SF,WR,0,0,0,0,0,33.9,352.2,2.1,1.3,5.7,0,0.5,47.1
Richie James Jr.,SF,WR,0,0,0,0,0,23.8,364.3,1.5,0.8,0,0,2.1,41.1
Jalen Hurd,SF,WR,0,0,0,0,0,3.3,41.3,0.3,4.7,28.8,0.2,0.1,9.5
Trent Sherfield,SF,WR,0,0,0,0,0,3.5,45.5,0.3,0,0,0,0,6.1
Travis Benjamin,SF,WR,0,0,0,0,0,1.2,17.3,0.2,0,0,0,0,2.7
Nsimba Webster,SF,WR,0,0,0,0,0,0.9,9.5,0,0,0,0,0,1
River Cracraft,SF,WR,0,0,0,0,0,0.7,8.3,0,0,0,0,0,0.8
Jordan Matthews,SF,WR,0,0,0,0,0,0.7,7.6,0,0,0,0,0,0.8
Mike Evans,TB,WR,0,0,0,0,0,76.1,1114,9.4,0,0,0,0.7,166.5
Chris Godwin,TB,WR,0,0,0,0,0,82.1,1067.8,7.5,0.3,2,0,0.8,150.1
Antonio Brown,TB,WR,0,0,0,0,0,61.5,686.9,6,2,11.4,0,0.6,104.4
Scotty Miller,TB,WR,0,0,0,0,0,17,244.7,1.8,1.4,7.7,0.1,0.1,36.5
Tyler Johnson,TB,WR,0,0,0,0,0,8,102.3,0.8,0,0,0,0,14.7
Jaelon Darden,TB,WR,0,0,0,0,0,4.2,48,0.3,0,0,0,0,6.5
Justin Watson,TB,WR,0,0,0,0,0,1.9,23.3,0.2,0,0,0,0,3.3
Cyril Grayson Jr.,TB,WR,0,0,0,0,0,0.9,9,0,0,0,0,0,0.9
DeAndre Hopkins,ARI,WR,0,0,0,0,0,122.1,1468.3,7.7,0.9,4.4,0,1.5,190.3
A.J. Green,ARI,WR,0,0,0,0,0,51.7,633.8,4.2,0,0,0,0.7,87
Rondale Moore,ARI,WR,0,0,0,0,0,54.2,664.7,3.6,1.1,6.1,0,1.2,86.5
Christian Kirk,ARI,WR,0,0,0,0,0,45,544.8,3.8,3.9,26.9,0,0.6,79.4
Andy Isabella,ARI,WR,0,0,0,0,0,11,136.6,0.7,0,0,0,0,17.9
KeeSean Johnson,ARI,WR,0,0,0,0,0,7.7,88.8,0.7,0,0,0,0,12.8
Greg Dortch,ARI,WR,0,0,0,0,0,4.1,46.9,0.3,0,0,0,0,6.3
Isaac Whitney,ARI,WR,0,0,0,0,0,2.1,24.1,0.2,0,0,0,0,3.4
Calvin Ridley,ATL,WR,0,0,0,0,0,99.8,1422.3,8.8,4.6,26.1,0.1,0.8,196.7
Russell Gage,ATL,WR,0,0,0,0,0,66.6,724.5,4.1,1.3,6.1,0,0.6,96.3
Olamide Zaccheaus,ATL,WR,0,0,0,0,0,27,394.4,2,0.3,1.4,0,0.1,51.1
Christian Blake,ATL,WR,0,0,0,0,0,12.5,146.4,0.5,0,0,0,0.1,17.5
Frank Darby,ATL,WR,0,0,0,0,0,7.3,92.4,0.5,0,0,0,0,11.9
Tajae Sharpe,ATL,WR,0,0,0,0,0,4.7,58.7,0.4,0,0,0,0,8
Jeff Badet,ATL,WR,0,0,0,0,0,0.9,9.3,0,0,0,0,0,0.9
Chris Rowland,ATL,WR,0,0,0,0,0,0.9,9.3,0,0,0,0,0,0.9
Marquise Brown,BAL,WR,0,0,0,0,0,61.1,825.3,7,1.5,8,0,0.6,124.2
Rashod Bateman,BAL,WR,0,0,0,0,0,41.1,543.4,4.1,0.8,4.8,0,0.6,78
Sammy Watkins,BAL,WR,0,0,0,0,0,36.9,454.3,3.5,0.8,7.5,0,0.6,65.9
Devin Duvernay,BAL,WR,0,0,0,0,0,17,188.1,1.2,1.7,11.7,0,0.1,27.3
Miles Boykin,BAL,WR,0,0,0,0,0,9.1,123.5,0.7,0.8,4.9,0,0.1,17.1
Tylan Wallace,BAL,WR,0,0,0,0,0,3.5,45.7,0.3,0,0,0,0,6.6
Stefon Diggs,BUF,WR,0,0,0,0,0,113.6,1476.6,9.2,2.4,15.6,0.1,1.2,202.6
Cole Beasley,BUF,WR,0,0,0,0,0,64,739,4.4,0,0,0,0.6,99.2
Emmanuel Sanders,BUF,WR,0,0,0,0,0,57.1,697.1,5,1.1,6.7,0.1,0.6,99.2
Gabriel Davis,BUF,WR,0,0,0,0,0,42.7,630.5,5,0.3,0,0,0.1,92.9
Isaiah McKenzie,BUF,WR,0,0,0,0,0,18.9,200.7,1.9,5.7,28.5,0.2,0.1,35.5
Isaiah Hodgins,BUF,WR,0,0,0,0,0,3.7,46.9,0.3,0,0,0,0,6.6
Brandon Powell,BUF,WR,0,0,0,0,0,2,21.8,0.2,0,0,0,0,3.2
Tanner Gentry,BUF,WR,0,0,0,0,0,0.8,9.2,0,0,0,0,0,0.9
D.J. Moore,CAR,WR,0,0,0,0,0,83.2,1198.8,5.4,3.1,20.1,0.1,0.8,153.4
Robby Anderson,CAR,WR,0,0,0,0,0,80.4,991.3,5.2,2.5,12.3,0.1,0.8,130.6
Terrace Marshall Jr.,CAR,WR,0,0,0,0,0,46.7,608.7,3.5,0.5,2.8,0,1.1,79.7
David Moore,CAR,WR,0,0,0,0,0,11.7,160.7,1,1.2,7.7,0,0.1,22.7
Shi Smith,CAR,WR,0,0,0,0,0,5.1,62.6,0.3,0,0,0,0,7.8
Brandon Zylstra,CAR,WR,0,0,0,0,0,1.2,15.2,0.1,0,0,0,0,1.8
Keith Kirkwood,CAR,WR,0,0,0,0,0,0.7,7.6,0,0,0,0,0,0.8
Allen Robinson II,CHI,WR,0,0,0,0,0,98.6,1227.7,7,0.3,0.3,0,0.7,163.2
Darnell Mooney,CHI,WR,0,0,0,0,0,64.7,768.3,4.5,2.7,15.5,0,0.7,104.2
Damiere Byrd,CHI,WR,0,0,0,0,0,26.7,304.7,1.5,0.3,2,0,0.6,38.8
Isaiah Coulter,CHI,WR,0,0,0,0,0,18.3,275.6,1.5,1,4,0,1,35
Marquise Goodwin,CHI,WR,0,0,0,0,0,15,197.9,1,0,0,0,0.1,25.9
Javon Wims,CHI,WR,0,0,0,0,0,9.6,122.4,0.5,0,0,0,0.1,15.2
Riley Ridley,CHI,WR,0,0,0,0,0,3.8,45.4,0.3,0,0,0,0,6.2
Dazz Newsome,CHI,WR,0,0,0,0,0,3.3,42.6,0.2,0,0,0,0,5.4
Justin Hardy,CHI,WR,0,0,0,0,0,0.7,8,0,0,0,0,0,0.8
Tee Higgins,CIN,WR,0,0,0,0,0,79.2,1058.4,6.4,2.3,12.4,0,0.8,144
Ja'Marr Chase,CIN,WR,0,0,0,0,0,73.2,1058.2,6.1,1.5,8.2,0,1.2,141.2
Tyler Boyd,CIN,WR,0,0,0,0,0,83,923.2,5.2,2.1,15.7,0,0.8,123.9
Auden Tate,CIN,WR,0,0,0,0,0,20.7,261.7,1.4,0,0,0,0.1,34.5
Mike Thomas,CIN,WR,0,0,0,0,0,7.5,93.7,0.6,0,0,0,0.1,12.7
Trent Taylor,CIN,WR,0,0,0,0,0,3.9,40,0.2,0,0,0,0,5.4
Trenton Irwin,CIN,WR,0,0,0,0,0,0.8,9.2,0,0,0,0,0,0.9
Stanley Morgan Jr.,CIN,WR,0,0,0,0,0,0.8,9,0,0,0,0,0,0.9
Odell Beckham Jr.,CLE,WR,0,0,0,0,0,71.1,994,6.5,5.7,50.9,0.3,0.7,144
Jarvis Landry,CLE,WR,0,0,0,0,0,73.5,885,5.1,1.9,9.9,0.3,0.8,120.4
Rashard Higgins,CLE,WR,0,0,0,0,0,28.8,432.1,2.9,0,0,0,0.6,59.3
Donovan Peoples-Jones,CLE,WR,0,0,0,0,0,17.1,225.6,1.6,0,0,0,0.1,31.8
Anthony Schwartz,CLE,WR,0,0,0,0,0,6.8,82.4,0.6,0,0,0,0,11.5
KhaDarel Hodge,CLE,WR,0,0,0,0,0,0.7,8.8,0,0,0,0,0,0.9
Derrick Willies,CLE,WR,0,0,0,0,0,0.7,8.6,0,0,0,0,0,0.9
Alexander Hollins,CLE,WR,0,0,0,0,0,0.7,8.5,0,0,0,0,0,0.9
Ja'Marcus Bradley,CLE,WR,0,0,0,0,0,0.7,8.4,0,0,0,0,0,0.8
JoJo Natson,CLE,WR,0,0,0,0,0,0.7,8.3,0,0,0,0,0,0.8
Ryan Switzer,CLE,WR,0,0,0,0,0,0.8,7.1,0,0,0,0,0,0.7
Amari Cooper,DAL,WR,0,0,0,0,0,90.4,1195.9,7.2,2.6,11.7,0,0.7,162.7
CeeDee Lamb,DAL,WR,0,0,0,0,0,83.9,1090.4,6.6,8.4,61.2,0.6,0.8,156.8
Michael Gallup,DAL,WR,0,0,0,0,0,64.2,942.3,5.9,0,0,0,0.6,128.4
Cedrick Wilson,DAL,WR,0,0,0,0,0,9.7,126.8,0.7,0,0,0,0.1,16.6
Noah Brown,DAL,WR,0,0,0,0,0,8.6,106.1,0.6,0,0,0,0.1,14.3
Simi Fehoko,DAL,WR,0,0,0,0,0,3.9,50.6,0.3,0,0,0,0,6.8
Malik Turner,DAL,WR,0,0,0,0,0,0.9,10.6,0,0,0,0,0,1.1
Courtland Sutton,DEN,WR,0,0,0,0,0,74.3,1055.4,6.7,1.7,9.4,0,0.8,145.1
Jerry Jeudy,DEN,WR,0,0,0,0,0,68.9,981.3,5.2,0,0,0,0.8,127.7
KJ Hamler,DEN,WR,0,0,0,0,0,30.2,361.5,2.4,8.8,43.9,0.2,0.6,54.5
Tim Patrick,DEN,WR,0,0,0,0,0,28.5,375.3,2.5,0,0,0,0.6,51.2
DaeSean Hamilton,DEN,WR,0,0,0,0,0,7.3,75.2,0.5,0,0,0,0,10.4
Diontae Spencer,DEN,WR,0,0,0,0,0,3.6,40.2,0.2,2.4,13.6,0.1,0,7.2
Seth Williams,DEN,WR,0,0,0,0,0,1.7,20.3,0.1,0,0,0,0,2.7
Kendall Hinton,DEN,WR,0,0,0,0,0,1.1,12.1,0,1.2,6.4,0,0,1.9
Tyrie Cleveland,DEN,WR,0,0,0,0,0,0.7,8,0,0,0,0,0,0.8
Breshad Perriman,DET,WR,0,0,0,0,0,53.3,774.9,4,1.7,9.9,0,0.1,102.5
Tyrell Williams,DET,WR,0,0,0,0,0,53.6,774.8,4,0,0,0,0.7,100
Amon-Ra St. Brown,DET,WR,0,0,0,0,0,38.1,461.1,2.3,0,0,0,0.2,59.6
Geronimo Allison,DET,WR,0,0,0,0,0,38.9,419.4,2.3,0,0,0,0,55.4
Quintez Cephus,DET,WR,0,0,0,0,0,23.9,316.6,1.5,0,0,0,0.2,40.2
Kalif Raymond,DET,WR,0,0,0,0,0,7.5,101.1,0.3,0,0,0,0.1,11.7
Victor Bolden Jr.,DET,WR,0,0,0,0,0,4.6,52.1,0.3,0,0,0,0,6.8
Damion Ratley,DET,WR,0,0,0,0,0,1,11.6,0,0,0,0,0,1.2
Chad Hansen,DET,WR,0,0,0,0,0,0.9,9.2,0,0,0,0,0,0.9
Brandin Cooks,HOU,WR,0,0,0,0,0,75.2,1050.9,5.3,0.8,6.8,0,0.7,136
Anthony Miller,HOU,WR,0,0,0,0,0,41.9,499.4,2.7,2.2,10.3,0.1,0.7,66.4
Nico Collins,HOU,WR,0,0,0,0,0,36,485.7,2.8,0,0,0,0.3,64.9
Chris Conley,HOU,WR,0,0,0,0,0,34.7,489.2,2.6,0,0,0,0.6,63.3
Keke Coutee,HOU,WR,0,0,0,0,0,32.6,382.3,2,0.5,2.8,0.3,2.2,47.7
Chris Moore,HOU,WR,0,0,0,0,0,10.5,120.8,0.7,0,0,0,0,16.3
Andre Roberts,HOU,WR,0,0,0,0,0,7.8,101.5,0.5,0,0,0,0,13.1
Alex Erickson,HOU,WR,0,0,0,0,0,7.9,92.6,0.4,0,0,0,0.1,11.7
T.Y. Hilton,IND,WR,0,0,0,0,0,62.5,827.1,5.4,0,0,0,0.6,114
Michael Pittman Jr.,IND,WR,0,0,0,0,0,57.7,753.2,4,3.4,22.7,0,0.7,100.3
Parris Campbell,IND,WR,0,0,0,0,0,45.4,549.6,3.4,4.8,30.1,0.2,0.4,78.6
Zach Pascal,IND,WR,0,0,0,0,0,28.2,382.7,3.1,0.3,2,0,0,56.8
Mike Strachan,IND,WR,0,0,0,0,0,1.6,20.5,0.1,0,0,0,0,2.7
Dezmon Patmon,IND,WR,0,0,0,0,0,1.6,20.5,0.1,0,0,0,0,2.7
DeMichael Harris,IND,WR,0,0,0,0,0,0.7,8.1,0,0.9,4.7,0,0,1.3
Ashton Dulin,IND,WR,0,0,0,0,0,0.7,8.3,0,0,0,0,0,0.8
D.J. Chark Jr.,JAC,WR,0,0,0,0,0,72.7,969.1,6.2,0.3,3.3,0,0.6,133
Laviska Shenault Jr.,JAC,WR,0,0,0,0,0,71.9,790.9,5,19.2,106.5,0.5,0.7,121.2
Marvin Jones Jr.,JAC,WR,0,0,0,0,0,63,799.8,5.7,0.3,0,0,0.6,113.1
Collin Johnson,JAC,WR,0,0,0,0,0,17.9,212.9,1.1,0,0,0,0.1,27.6
Phillip Dorsett II,JAC,WR,0,0,0,0,0,14.2,172.7,1.1,0,0,0,0.1,23.6
Jamal Agnew,JAC,WR,0,0,0,0,0,6.8,75.4,0.4,6.2,34,0.2,0.1,14.6
Terry Godwin,JAC,WR,0,0,0,0,0,2,22.5,0.2,0,0,0,0,3.3
Laquon Treadwell,JAC,WR,0,0,0,0,0,0.8,8.4,0,0,0,0,0,0.8
Keenan Allen,LAC,WR,0,0,0,0,0,111.3,1209.3,7.9,3,16.3,0.1,1,168.5
Mike Williams,LAC,WR,0,0,0,0,0,56,915.7,5.5,0.3,0.5,0,0.6,123.3
Jalen Guyton,LAC,WR,0,0,0,0,0,26.5,406.5,2.2,2,7.9,0.1,0.1,54.8
Josh Palmer,LAC,WR,0,0,0,0,0,28.9,396.8,2.4,0.7,4,0,0.6,53.3
Tyron Johnson,LAC,WR,0,0,0,0,0,19.9,311.3,2.1,2.3,13,0,0.1,45.2
K.J. Hill Jr.,LAC,WR,0,0,0,0,0,1.4,16.7,0.1,1,6.2,0,0,2.9
Joe Reed,LAC,WR,0,0,0,0,0,0.8,9.4,0,0.9,4.8,0,0,1.4
Jason Moore,LAC,WR,0,0,0,0,0,0.8,9.5,0,0,0,0,0,1
Robert Woods,LAR,WR,0,0,0,0,0,98,1088.2,6,17,106.2,0.9,0.8,159.2
Cooper Kupp,LAR,WR,0,0,0,0,0,93,1068.4,7.1,3.9,23.6,0.1,0.7,151.1
DeSean Jackson,LAR,WR,0,0,0,0,0,35.6,561.9,3.6,2.8,17.1,0.1,0.6,78.9
Van Jefferson,LAR,WR,0,0,0,0,0,39.3,475.2,3.3,1.4,5.8,0,0.1,68.2
Tutu Atwell,LAR,WR,0,0,0,0,0,21.3,276.9,1.4,0,0,0,0.2,35.5
Will Fuller V,MIA,WR,0,0,0,0,0,66.5,848.4,5.3,0,0,0,0.6,115.4
DeVante Parker,MIA,WR,0,0,0,0,0,65.4,832.5,5.5,0,0,0,0.7,114.9
Jaylen Waddle,MIA,WR,0,0,0,0,0,57.1,764.6,4.7,1,5.6,0,1.2,102.7
Preston Williams,MIA,WR,0,0,0,0,0,24.5,314.7,2.9,0,0,0,0.6,47.9
Lynn Bowden Jr.,MIA,WR,0,0,0,0,0,10.8,98.8,0.2,10.2,49.3,0.2,0.1,17.3
Albert Wilson,MIA,WR,0,0,0,0,0,6,61.9,0.4,1.6,8.8,0,0,9.4
Jakeem Grant Sr.,MIA,WR,0,0,0,0,0,3.2,35.1,0.2,1.5,8.4,0,0,5.9
Allen Hurns,MIA,WR,0,0,0,0,0,1.6,16.7,0.2,0,0,0,0,2.8
Malcolm Perry,MIA,WR,0,0,0,0,0,0.9,9.1,0,1.8,9.4,0.1,0,2.3
Isaiah Ford,MIA,WR,0,0,0,0,0,1.6,15,0.1,0,0,0,0,1.8
Robert Foster,MIA,WR,0,0,0,0,0,0.7,8.7,0,0,0,0,0,0.9
Mack Hollins,MIA,WR,0,0,0,0,0,0.8,8,0,0,0,0,0,0.8
Justin Jefferson,MIN,WR,0,0,0,0,0,93.5,1391.7,7.9,0.4,1.5,0,0.8,185.2
Adam Thielen,MIN,WR,0,0,0,0,0,79.5,1021,9.2,3.2,14.6,0.3,0.7,158.8
Dede Westbrook,MIN,WR,0,0,0,0,0,12,127.7,1,0.7,3.6,0,0.1,19.1
Chad Beebe,MIN,WR,0,0,0,0,0,7.9,96.1,0.7,0,0,0,0.1,13.4
Ihmir Smith-Marsette,MIN,WR,0,0,0,0,0,4.6,60.7,0.1,0,0,0,0,6.8
Dan Chisena,MIN,WR,0,0,0,0,0,0.7,8.7,0,0,0,0,0,0.9
K.J. Osborn,MIN,WR,0,0,0,0,0,0.7,8.7,0,0,0,0,0,0.9
Kenny Golladay,NYG,WR,0,0,0,0,0,71.3,1055.9,6.6,0,0,0,0.7,144
Sterling Shepard,NYG,WR,0,0,0,0,0,60.6,617.6,3.5,3.3,26.1,0.3,0.6,86.1
Darius Slayton,NYG,WR,0,0,0,0,0,42.3,570.6,3.5,0.8,2.6,0,0.6,77.1
Kadarius Toney,NYG,WR,0,0,0,0,0,29.6,353.4,1.9,6.6,39.9,0.2,0.3,51.4
John Ross,NYG,WR,0,0,0,0,0,4.3,56.6,0.5,0.7,3.9,0,0.1,9.2
Matt Cole,NYG,WR,0,0,0,0,0,0.9,9.5,0,0.9,4.3,0,0,1.4
Dante Pettis,NYG,WR,0,0,0,0,0,0.7,8.4,0,0,0,0,0,0.8
C.J. Board,NYG,WR,0,0,0,0,0,0.7,7.7,0,0,0,0,0,0.8
Corey Davis,NYJ,WR,0,0,0,0,0,67.3,873.5,3.8,0,0,0,0.8,108.7
Elijah Moore,NYJ,WR,0,0,0,0,0,59.3,715.3,3.7,0.7,4.2,0,0.4,93.7
Jamison Crowder,NYJ,WR,0,0,0,0,0,53.1,594.6,3.6,0.3,3.3,0,0.6,80
Keelan Cole Sr.,NYJ,WR,0,0,0,0,0,37,475.9,2.6,0,0,0,0.5,62.5
Denzel Mims,NYJ,WR,0,0,0,0,0,33.7,477.7,2.3,0.3,0.8,0,0.1,61.7
Jeff Smith,NYJ,WR,0,0,0,0,0,9.6,107.1,0.6,0,0,0,0,14.4
Braxton Berrios,NYJ,WR,0,0,0,0,0,1.5,17.4,0.1,1,5.8,0,0,2.9
Vyncint Smith,NYJ,WR,0,0,0,0,0,0.9,10.1,0,0,0,0,0,1
Josh Malone,NYJ,WR,0,0,0,0,0,0.9,9.4,0,0,0,0,0,0.9
Lawrence Cager,NYJ,WR,0,0,0,0,0,0.8,9,0,0,0,0,0,0.9
DeVonta Smith,PHI,WR,0,0,0,0,0,63.3,890,4.8,1,6.2,0,1.2,116.3
Jalen Reagor,PHI,WR,0,0,0,0,0,53.8,724.1,3.8,3.1,17.5,0.1,0.7,96.2
Travis Fulgham,PHI,WR,0,0,0,0,0,22.4,290.2,1.6,0,0,0,0.1,38.5
Greg Ward,PHI,WR,0,0,0,0,0,21.1,208.9,1.2,0,0,0,0.2,27.4
Quez Watkins,PHI,WR,0,0,0,0,0,3.7,48.9,0.2,0,0,0,0,6.3
J.J. Arcega-Whiteside,PHI,WR,0,0,0,0,0,1.6,23.3,0.2,0,0,0,0,3.2
John Hightower,PHI,WR,0,0,0,0,0,0.7,9.8,0,0,0,0,0,1
Chase Claypool,PIT,WR,0,0,0,0,0,69.6,892.2,6.8,8.3,44.3,0.6,0.9,136.6
Diontae Johnson,PIT,WR,0,0,0,0,0,93.9,981.1,6.3,4.4,27.4,0.1,1.4,136.2
JuJu Smith-Schuster,PIT,WR,0,0,0,0,0,89.3,902,6.7,0,0,0,0.9,128.6
James Washington,PIT,WR,0,0,0,0,0,33.3,451.7,2.9,0,0,0,0.6,61.4
Ray-Ray McCloud,PIT,WR,0,0,0,0,0,11.3,113.2,0.7,3,19.2,0.1,0.2,17.3
D.K. Metcalf,SEA,WR,0,0,0,0,0,86.6,1300.7,9.9,0.3,1.3,0,1.4,187.1
Tyler Lockett,SEA,WR,0,0,0,0,0,92.4,1051.3,8.3,1.1,2.7,0,0.7,153.9
D'Wayne Eskridge,SEA,WR,0,0,0,0,0,33.1,403.8,2.8,1.5,8.1,0.1,0.2,58
Freddie Swain,SEA,WR,0,0,0,0,0,14,175.7,1.4,0,0,0,0.1,25.7
Penny Hart,SEA,WR,0,0,0,0,0,6.3,73.8,0.5,1.8,9.3,0,0,11.7
John Ursua,SEA,WR,0,0,0,0,0,0.8,9,0,0,0,0,0,0.9
Darvin Kidsy,SEA,WR,0,0,0,0,0,0.8,9,0,0,0,0,0,0.9
A.J. Brown,TEN,WR,0,0,0,0,0,84.5,1268.4,9.8,0.5,7.5,0,0.9,184.4
Julio Jones,TEN,WR,0,0,0,0,0,78.7,1115.2,7.3,0.5,-0.5,0,0.7,153.9
Josh Reynolds,TEN,WR,0,0,0,0,0,36.1,469.6,3.1,0.8,4.5,0,0.6,64.8
Dez Fitzpatrick,TEN,WR,0,0,0,0,0,15.4,200.3,1,0,0,0,0.1,25.9
Cameron Batson,TEN,WR,0,0,0,0,0,7.2,80,0.6,2.5,14.9,0.1,0.1,13.5
Nick Westbrook-Ikhine,TEN,WR,0,0,0,0,0,5.3,70.4,0.4,0,0,0,0,9.6
Marcus Johnson,TEN,WR,0,0,0,0,0,3.6,43.6,0.3,0,0,0,0,6.3
Chester Rogers,TEN,WR,0,0,0,0,0,3.9,38,0.3,0,0,0,0,5.7
Racey McMath,TEN,WR,0,0,0,0,0,1.5,19.3,0.1,0,0,0,0,2.7
Fred Brown,TEN,WR,0,0,0,0,0,0.7,8,0,0,0,0,0,0.8
Cody Hollister,TEN,WR,0,0,0,0,0,0.7,8,0,0,0,0,0,0.8
Terry McLaurin,WAS,WR,0,0,0,0,0,91.6,1235.2,6.5,1.8,12.1,0.1,0.7,162.8
Curtis Samuel,WAS,WR,0,0,0,0,0,62.4,734.9,4.8,24.7,128.6,1.1,0.7,120.3
Dyami Brown,WAS,WR,0,0,0,0,0,23.3,324.6,1.8,0,0,0,0.2,42.7
Adam Humphries,WAS,WR,0,0,0,0,0,30.3,330.9,1.6,0,0,0,0.1,42.4
Cam Sims,WAS,WR,0,0,0,0,0,7.6,102.8,0.5,0,0,0,0,13.1
Steven Sims Jr.,WAS,WR,0,0,0,0,0,6,75.2,0.4,0,0,0,0,10
Antonio Gandy-Golden,WAS,WR,0,0,0,0,0,4.9,64.9,0.4,1,5.8,0,0,9.4
Kelvin Harmon,WAS,WR,0,0,0,0,0,0.8,10.6,0,0,0,0,0,1.1
DeAndre Carter,WAS,WR,0,0,0,0,0,0.9,10.4,0,0,0,0,0,1
Isaiah Wright,WAS,WR,0,0,0,0,0,0.9,9.6,0,0,0,0,0,1.0
